{"cameraMode":{"drawMode":0,"name":"Shaded","section":"Shading Mode"},"sceneLighting":false,"audioPlay":false,"sceneViewState":{"showFog":false,"showMaterialUpdate":false,"showSkybox":false,"showFlares":false,"showImageEffects":false,"showParticleSystems":false},"in2DMode":false,"pivot":{"x":1.7824468612670899,"y":2.053344964981079,"z":-1.447834849357605},"rotation":{"x":-0.2257658690214157,"y":-0.5146842002868652,"z":0.14260797202587129,"w":-0.8147554993629456},"size":2.4799890518188478,"orthographic":false}