{"cameraMode":{"drawMode":0,"name":"Shaded","section":"Shading Mode"},"sceneLighting":true,"audioPlay":false,"sceneViewState":{"showFog":false,"showMaterialUpdate":false,"showSkybox":false,"showFlares":false,"showImageEffects":false,"showParticleSystems":false},"in2DMode":false,"pivot":{"x":25.22136878967285,"y":1.7120214700698853,"z":-24.604990005493165},"rotation":{"x":-0.007796949706971645,"y":-0.8292036652565002,"z":0.01139781903475523,"w":-0.5588944554328919},"size":18.863346099853517,"orthographic":false}