{"cameraMode":{"drawMode":0,"name":"Shaded","section":"Shading Mode"},"sceneLighting":false,"audioPlay":false,"sceneViewState":{"showFog":false,"showMaterialUpdate":false,"showSkybox":false,"showFlares":false,"showImageEffects":false,"showParticleSystems":false},"in2DMode":false,"pivot":{"x":0.18735294044017793,"y":0.36233869194984438,"z":-1.5076605081558228},"rotation":{"x":-0.002510725986212492,"y":0.9972965717315674,"z":-0.06022195145487785,"w":-0.042798664420843127},"size":1.4557294845581055,"orthographic":false}